月份,制造业-指数,制造业-同比增长,非制造业-指数,非制造业-同比增长
,49.0,-2.39043825,49.5,-1.78571429
,49.3,0.40733198,49.4,-1.5936255
,50.1,0.0,50.2,-3.83141762
,49.2,-2.18687873,49.5,-1.0
,49.0,-2.19560878,50.1,-0.19920319
,49.8,0.0,50.0,0.0
,49.4,0.61099796,50.3,0.0
,49.3,-0.20242915,50.1,-0.19920319
,49.7,0.4040404,50.5,0.0
,49.5,0.0,50.3,-1.56555773
,49.0,-2.77777778,50.4,-1.5625
,50.5,-0.59055118,50.8,-4.1509434
,50.2,2.24032587,50.4,-1.94552529
,49.1,-0.20325203,50.2,-0.98619329
,50.1,2.24489796,52.2,3.57142857
,50.3,1.82186235,50.0,-0.39840637
,50.1,1.21212121,50.2,-0.79051383
,49.8,-0.79681275,50.0,-3.28820116
,49.1,-1.20724346,50.3,-1.37254902
,49.4,0.20283976,50.2,-2.52427184
,49.5,1.02040816,50.5,-5.07518797
,49.5,1.43442623,51.1,-6.23853211
,50.4,2.43902439,51.2,-9.21985816
,50.8,-2.1194605,53.0,-8.9347079
,49.1,-6.6539924,51.4,-8.70337478
,49.2,-1.79640719,50.7,-6.80147059
,49.0,4.25531915,50.4,21.15384615
,49.4,2.91666667,50.2,7.49464668
,49.5,0.6097561,50.6,3.90143737
,50.2,0.1996008,51.7,2.17391304
,49.7,0.60728745,51.0,-3.0418251
,49.3,0.6122449,51.5,-4.27509294
,49.0,-2.39043825,53.2,-2.74223035
,48.8,-1.61290323,54.5,14.0167364
,49.2,3.79746835,56.4,34.60620525
,51.9,4.84848485,58.2,20.24793388
,52.6,4.78087649,56.3,9.10852713
,50.1,0.0,54.4,6.45792564
,47.0,-6.56063618,41.6,-21.0626186
,48.0,-4.19161677,46.7,-10.70745698
,49.2,0.0,48.7,-7.0610687
,50.1,1.00806452,50.6,-4.88721805
,49.4,-1.39720559,52.6,10.73684211
,49.0,-2.77777778,53.8,0.9380863
,50.2,-1.37524558,54.7,2.24299065
,49.6,-2.74509804,47.8,-13.4057971
,47.4,-7.2407045,41.9,-23.67941712
,49.5,-4.62427746,48.4,-14.03197158
,50.2,-0.79051383,51.6,0.38910506
,50.1,-2.33918129,51.1,-2.48091603
,50.3,-3.08285164,52.7,-5.38599641
,50.1,-3.83877159,52.3,-7.26950355
,49.2,-4.28015564,52.4,-6.76156584
,49.6,-3.68932039,53.2,-4.83005367
,50.1,-1.76470588,47.5,-13.94927536
,50.4,-1.36986301,53.3,-1.66051661
,50.9,0.0,53.5,-1.65441176
,51.0,0.79051383,55.2,2.98507463
,51.1,0.59055118,54.9,3.19548872
,51.9,-0.19230769,56.3,7.64818356
,50.6,41.73669468,51.4,73.64864865
,51.3,2.6,52.4,-3.14232902
,51.9,3.38645418,55.7,4.11214953
,52.1,3.78486056,56.4,3.67647059
,51.4,4.25963489,56.2,6.43939394
,51.5,3.41365462,55.9,4.09683426
,51.0,3.03030303,55.2,2.60223048
,51.1,2.81690141,54.2,0.9310987
,50.9,3.03643725,54.4,0.36900369
,50.6,2.4291498,53.6,-1.28913444
,50.8,1.39720559,53.2,-2.02578269
,52.0,2.97029703,52.3,-4.5620438
,35.7,-27.43902439,29.6,-45.48802947
,50.0,1.01010101,54.1,-1.09689214
,50.2,1.6194332,53.5,-0.55762082
,50.2,0.4,54.4,1.87265918
,49.3,-1.79282869,52.8,-2.04081633
,49.8,-1.96850394,53.7,-2.18579235
,49.5,-3.50877193,53.8,-0.73800738
,49.7,-2.9296875,53.7,-0.55555556
,49.4,-4.0776699,54.2,-1.45454545
,49.4,-4.81695568,54.3,-1.09289617
,50.1,-2.52918288,54.3,-0.91240876
,50.5,-1.94174757,54.8,0.36630037
,49.2,-2.18687873,54.3,-0.18382353
,49.5,-3.50877193,54.7,-1.08499096
,49.4,-4.26356589,53.8,-2.18181818
,50.0,-3.47490347,53.4,-2.55474453
,50.2,-2.71317829,53.9,-0.73664825
,50.8,-3.05343511,54.9,-0.90252708
,51.3,-0.77369439,54.2,1.49812734
,51.2,-0.38910506,54.0,-0.91743119
,51.5,-0.3868472,55.0,0.18214936
,51.9,1.3671875,54.9,0.73394495
,51.4,0.390625,54.8,1.48148148
,51.5,-0.57915058,54.6,-0.90744102
,50.3,-2.51937984,54.4,0.36900369
,51.3,0.0,55.3,1.28205128
,51.6,0.38910506,55.0,0.91743119
,51.8,0.1934236,54.8,0.18281536
,51.6,0.78125,54.3,0.55555556
,52.4,3.96825397,55.4,3.16573557
,51.7,2.57936508,53.4,-0.18691589
,51.4,3.00601202,54.5,1.11317254
,51.7,3.4,54.9,2.23463687
,51.2,2.19560878,54.5,2.63653484
,51.2,2.19560878,54.0,0.93457944
,51.8,3.187251,55.1,2.41635688
,51.6,5.30612245,54.2,2.84629981
,51.3,3.84615385,54.6,2.05607477
,51.4,3.42052314,54.5,0.18382353
,51.7,4.23387097,54.7,2.05223881
,51.2,2.81124498,54.0,1.69491525
,50.4,1.20481928,53.7,0.56179775
,50.4,1.4084507,53.5,0.18726592
,49.9,-0.2,53.9,0.0
,50.0,-0.39840637,53.7,-0.18587361
,50.1,-0.19920319,53.1,-0.18796992
,50.1,0.0,53.5,0.18726592
,50.2,0.1996008,53.8,0.18621974
,49.0,-1.80360721,52.7,-2.22634508
,49.4,-0.80321285,53.5,-0.37243948
,49.7,-0.79840319,54.4,0.55452865
,49.6,-1.3916501,53.6,-0.55658627
,49.8,-1.96850394,53.1,-1.30111524
,49.8,-2.54403131,53.4,-1.11111111
,49.7,-2.73972603,53.4,-1.83823529
,50.0,-3.28820116,53.9,-0.55350554
,50.2,-1.56862745,53.8,-2.18181818
,50.2,-1.18110236,53.2,-4.14414414
,50.1,-0.5952381,53.4,-2.55474453
,50.1,-0.39761431,53.7,-1.46788991
,49.9,-0.59760956,53.9,-2.0
,49.8,-1.38613861,53.7,0.56179775
,50.1,-1.76470588,54.1,-0.91575092
,50.3,-2.14007782,53.9,-3.75
,50.8,-1.16731518,53.8,-4.44049734
,51.1,0.0,54.0,-2.52707581
,51.1,0.19607843,54.4,0.92764378
,51.7,2.7833002,54.2,0.18484288
,51.0,1.79640719,55.0,2.04081633
,50.8,0.0,55.5,2.20994475
,50.4,-0.39525692,54.8,0.55045872
,50.3,-1.17878193,54.5,-1.97841727
,50.2,0.1996008,55.0,0.91743119
,50.5,0.1984127,53.4,-4.98220641
,51.0,0.79051383,54.6,-2.67379679
,51.4,1.58102767,56.0,0.71942446
,51.4,2.39043825,56.3,1.44144144
,51.1,2.61044177,55.4,3.16573557
,51.0,3.65853659,53.9,-4.26287744
,50.3,0.3992016,54.1,-2.69784173
,50.1,-0.19920319,53.9,-4.9382716
,50.8,0.79365079,54.3,-1.63043478
,50.6,-5.06566604,54.5,-2.85204991
,50.9,-4.14312618,55.6,-4.13793103
,50.1,-1.76470588,54.5,-4.88656195
,50.4,-0.1980198,56.2,0.89766607
,50.6,0.59642147,56.1,-0.35523979
,50.6,3.26530612,55.6,-0.53667263
,50.2,-0.3968254,55.5,0.0
,49.8,-2.734375,53.7,-3.76344086
,49.2,-3.33988212,56.3,-1.40105079
,50.1,-1.18343195,55.6,-2.96684119
,50.2,-1.37524558,56.7,0.17667845
,50.4,-3.07692308,55.2,-5.96252129
,53.3,0.75614367,56.1,-3.60824742
,53.1,-0.56179775,58.0,-2.02702703
,51.0,-2.29885057,57.3,0.52631579
,50.5,-4.536862,55.7,-2.62237762
,50.3,-6.67903525,56.3,-4.25170068
,49.0,-11.23188406,55.9,-5.09337861
,50.4,-7.86106033,55.5,-3.31010453
,51.2,-4.83271375,55.8,-3.62694301
,50.9,-1.54738878,57.1,-1.55172414
,50.7,-0.9765625,57.3,0.3502627
,50.9,-2.30326296,56.6,-3.7414966
,52.0,-3.52504638,58.7,1.03270224
,52.9,-5.02692998,58.2,0.69204152
,53.4,-3.08529946,59.2,3.31588133
,52.2,0.38461538,57.0,0.0
,52.9,-5.19713262,57.2,-1.54905336
,53.9,-4.77031802,58.8,0.0
,55.2,0.0,58.9,0.85616438
,54.7,-0.9057971,57.4,-3.52941176
,53.8,-0.92081031,57.9,0.0
,51.7,-4.25925926,58.0,1.22164049
,51.2,-3.93996248,57.1,-0.34904014
,52.1,-2.06766917,58.8,6.13718412
,53.9,1.50659134,58.1,5.8287796
,55.7,4.11214953,57.8,8.03738318
,55.1,5.15267176,57.3,5.33088235
,52.0,6.12244898,57.0,3.44827586
,55.8,23.17880795,58.1,8.19366853
,56.6,37.37864078,58.8,15.7480315
,55.2,42.26804124,58.4,14.0625
,55.2,23.76681614,59.5,12.0527307
,54.3,6.0546875,57.9,5.27272727
,54.0,11.57024793,57.3,8.31758034
,53.3,10.12396694,57.3,2.87253142
,53.2,2.30769231,55.4,-3.48432056
,53.1,-0.37523452,54.9,-4.3554007
,53.5,-9.62837838,53.5,-8.39041096
,52.4,-10.2739726,54.4,-7.64006791
,49.0,-8.23970037,55.1,-7.08263069
,45.3,-14.52830189,53.7,-10.79734219
,41.2,-25.49728752,50.8,-15.61461794
,38.8,-29.96389892,51.2,-15.51155116
,44.6,-16.16541353,53.1,-13.51791531
,51.2,-8.73440285,55.0,-11.14701131
,48.4,-10.37037037,52.9,-14.26256078
,48.4,-9.19324578,55.7,-6.22895623
,52.0,-4.58715596,57.4,-4.33333333
,53.3,-4.30879713,57.4,-7.7170418
,59.2,1.02389078,58.4,-3.31125828
,58.4,4.09982175,58.9,1.20274914
,53.4,0.56497175,59.3,-2.14521452
,53.0,-3.81125227,60.2,-0.33112583
